voters,distribution,mean,std,iterations,true_mean,optimal_correct,optimal_correct_minus_mean,optimal_correct_minus_true_mean,majority_correct,majority_correct_minus_mean,majority_correct_minus_true_mean,optimal_correct_minus_majority_correct
3,beta,0.6428571428571429,0.07857142857142858,1000,0.6428571428571429,0.745,0.10214285714285709,0.10214285714285709,0.722,0.07914285714285707,0.07914285714285707,0.023
5,beta,0.6428571428571429,0.07857142857142858,1000,0.6428571428571429,0.776,0.13314285714285712,0.13314285714285712,0.763,0.1201428571428571,0.1201428571428571,0.013
7,beta,0.6428571428571429,0.07857142857142858,1000,0.6428571428571429,0.823,0.18014285714285705,0.18014285714285705,0.798,0.15514285714285714,0.15514285714285714,0.025
9,beta,0.6428571428571429,0.07857142857142858,1000,0.6428571428571429,0.849,0.20614285714285707,0.20614285714285707,0.825,0.18214285714285705,0.18214285714285705,0.024
11,beta,0.6428571428571429,0.07857142857142858,1000,0.6428571428571429,0.879,0.2361428571428571,0.2361428571428571,0.855,0.21214285714285708,0.21214285714285708,0.024
21,beta,0.6428571428571429,0.07857142857142858,1000,0.6428571428571429,0.94,0.29714285714285704,0.29714285714285704,0.905,0.2621428571428571,0.2621428571428571,0.035
31,beta,0.6428571428571429,0.07857142857142858,1000,0.6428571428571429,0.973,0.33014285714285707,0.33014285714285707,0.944,0.30114285714285705,0.30114285714285705,0.029
41,beta,0.6428571428571429,0.07857142857142858,1000,0.6428571428571429,0.984,0.3411428571428571,0.3411428571428571,0.966,0.32314285714285707,0.32314285714285707,0.018
51,beta,0.6428571428571429,0.07857142857142858,1000,0.6428571428571429,0.986,0.3431428571428571,0.3431428571428571,0.98,0.3371428571428571,0.3371428571428571,0.006
